{
  "category_bias": {
    "Account Access": 0.0675,
    "Billing Issue": 0.0675,
    "General Inquiry": -0.010125,
    "Product Defect": 0.0675,
    "Refund Request": 0.0,
    "Shipping Delay": 0.0675
  },
  "category_weights": {
    "Account Access": {
      "access": 0.018000000000000002,
      "account": 0.018000000000000002,
      "and": 0.018000000000000002,
      "authentication": 0.018000000000000002,
      "cannot": 0.018000000000000002,
      "factor": 0.018000000000000002,
      "failing": 0.018000000000000002,
      "help": 0.018000000000000002,
      "i": 0.018000000000000002,
      "in": 0.018000000000000002,
      "is": 0.018000000000000002,
      "logging": 0.018000000000000002,
      "my": 0.018000000000000002,
      "need": 0.018000000000000002,
      "two": 0.018000000000000002
    },
    "Billing Issue": {
      "a": 0.016875,
      "after": 0.016875,
      "billing": 0.016875,
      "card": 0.016875,
      "charged": 0.016875,
      "charges": 0.016875,
      "checkout": 0.016875,
      "i": 0.016875,
      "is": 0.016875,
      "issue": 0.016875,
      "my": 0.016875,
      "on": 0.016875,
      "see": 0.016875,
      "this": 0.016875,
      "twice": 0.016875,
      "two": 0.016875
    },
    "General Inquiry": {
      "2007": -0.0019285714285714286,
      "arrived": -0.0019285714285714286,
      "box": -0.0019285714285714286,
      "cracked": -0.0019285714285714286,
      "damaged": -0.0019285714285714286,
      "fixed": -0.0019285714285714286,
      "i": -0.0019285714285714286,
      "id": -0.0019285714285714286,
      "is": -0.0019285714285714286,
      "laptop": -0.0019285714285714286,
      "need": -0.0019285714285714286,
      "of": -0.0019285714285714286,
      "ord": -0.0019285714285714286,
      "order": -0.0019285714285714286,
      "out": -0.0019285714285714286,
      "right": -0.0019285714285714286,
      "screen": -0.0019285714285714286,
      "the": -0.003857142857142857,
      "this": -0.0019285714285714286,
      "today": -0.0019285714285714286
    },
    "Product Defect": {
      "2007": 0.012857142857142859,
      "arrived": 0.012857142857142859,
      "box": 0.012857142857142859,
      "cracked": 0.012857142857142859,
      "damaged": 0.012857142857142859,
      "fixed": 0.012857142857142859,
      "i": 0.012857142857142859,
      "id": 0.012857142857142859,
      "is": 0.012857142857142859,
      "laptop": 0.012857142857142859,
      "need": 0.012857142857142859,
      "of": 0.012857142857142859,
      "ord": 0.012857142857142859,
      "order": 0.012857142857142859,
      "out": 0.012857142857142859,
      "right": 0.012857142857142859,
      "screen": 0.012857142857142859,
      "the": 0.025714285714285717,
      "this": 0.012857142857142859,
      "today": 0.012857142857142859
    },
    "Refund Request": {},
    "Shipping Delay": {
      "1001": 0.024545454545454547,
      "9": 0.012272727272727274,
      "days": 0.012272727272727274,
      "for": 0.012272727272727274,
      "has": 0.012272727272727274,
      "help": 0.012272727272727274,
      "id": 0.012272727272727274,
      "in": 0.012272727272727274,
      "is": 0.012272727272727274,
      "my": 0.024545454545454547,
      "not": 0.012272727272727274,
      "ord": 0.024545454545454547,
      "order": 0.024545454545454547,
      "package": 0.012272727272727274,
      "please": 0.012272727272727274,
      "tracking": 0.012272727272727274,
      "updated": 0.012272727272727274,
      "where": 0.012272727272727274
    }
  },
  "examples_seen": 5,
  "priority_bias": {
    "Low": 0.0,
    "Normal": 0.19237500000000002,
    "Urgent": 0.0675
  },
  "priority_weights": {
    "Low": {},
    "Normal": {
      "1001": 0.024545454545454547,
      "2007": -0.0019285714285714286,
      "9": 0.012272727272727274,
      "a": 0.016875,
      "access": 0.018000000000000002,
      "account": 0.018000000000000002,
      "after": 0.016875,
      "and": 0.018000000000000002,
      "arrived": -0.0019285714285714286,
      "authentication": 0.018000000000000002,
      "billing": 0.016875,
      "box": -0.0019285714285714286,
      "cannot": 0.018000000000000002,
      "card": 0.016875,
      "charged": 0.016875,
      "charges": 0.016875,
      "checkout": 0.016875,
      "cracked": -0.0019285714285714286,
      "damaged": -0.0019285714285714286,
      "days": 0.012272727272727274,
      "factor": 0.018000000000000002,
      "failing": 0.018000000000000002,
      "fixed": -0.0019285714285714286,
      "for": 0.012272727272727274,
      "has": 0.012272727272727274,
      "help": 0.030272727272727278,
      "i": 0.03294642857142857,
      "id": 0.010344155844155845,
      "in": 0.030272727272727278,
      "is": 0.045219155844155846,
      "issue": 0.016875,
      "laptop": -0.0019285714285714286,
      "logging": 0.018000000000000002,
      "my": 0.059420454545454554,
      "need": 0.016071428571428573,
      "not": 0.012272727272727274,
      "of": -0.0019285714285714286,
      "on": 0.016875,
      "ord": 0.02261688311688312,
      "order": 0.02261688311688312,
      "out": -0.0019285714285714286,
      "package": 0.012272727272727274,
      "please": 0.012272727272727274,
      "right": -0.0019285714285714286,
      "screen": -0.0019285714285714286,
      "see": 0.016875,
      "the": -0.003857142857142857,
      "this": 0.014946428571428572,
      "today": -0.0019285714285714286,
      "tracking": 0.012272727272727274,
      "twice": 0.016875,
      "two": 0.034875,
      "updated": 0.012272727272727274,
      "where": 0.012272727272727274
    },
    "Urgent": {
      "2007": 0.012857142857142859,
      "arrived": 0.012857142857142859,
      "box": 0.012857142857142859,
      "cracked": 0.012857142857142859,
      "damaged": 0.012857142857142859,
      "fixed": 0.012857142857142859,
      "i": 0.012857142857142859,
      "id": 0.012857142857142859,
      "is": 0.012857142857142859,
      "laptop": 0.012857142857142859,
      "need": 0.012857142857142859,
      "of": 0.012857142857142859,
      "ord": 0.012857142857142859,
      "order": 0.012857142857142859,
      "out": 0.012857142857142859,
      "right": 0.012857142857142859,
      "screen": 0.012857142857142859,
      "the": 0.025714285714285717,
      "this": 0.012857142857142859,
      "today": 0.012857142857142859
    }
  },
  "updates": 5
}