{
  "category_bias": {
    "Account Access": 1.8899999999999988,
    "Billing Issue": 1.9574999999999987,
    "General Inquiry": -0.010125,
    "Product Defect": 2.0148749999999986,
    "Refund Request": 0.0,
    "Shipping Delay": 1.9574999999999987
  },
  "category_weights": {
    "Account Access": {
      "access": 0.5040000000000003,
      "account": 0.5040000000000003,
      "and": 0.5040000000000003,
      "authentication": 0.5040000000000003,
      "cannot": 0.5040000000000003,
      "factor": 0.5040000000000003,
      "failing": 0.5040000000000003,
      "help": 0.5040000000000003,
      "i": 0.5040000000000003,
      "in": 0.5040000000000003,
      "is": 0.5040000000000003,
      "logging": 0.5040000000000003,
      "my": 0.5040000000000003,
      "need": 0.5040000000000003,
      "two": 0.5040000000000003
    },
    "Billing Issue": {
      "a": 0.48937499999999967,
      "after": 0.48937499999999967,
      "billing": 0.48937499999999967,
      "card": 0.48937499999999967,
      "charged": 0.48937499999999967,
      "charges": 0.48937499999999967,
      "checkout": 0.48937499999999967,
      "i": 0.48937499999999967,
      "is": 0.48937499999999967,
      "issue": 0.48937499999999967,
      "my": 0.48937499999999967,
      "on": 0.48937499999999967,
      "see": 0.48937499999999967,
      "this": 0.48937499999999967,
      "twice": 0.48937499999999967,
      "two": 0.48937499999999967
    },
    "General Inquiry": {
      "2007": -0.0019285714285714286,
      "arrived": -0.0019285714285714286,
      "box": -0.0019285714285714286,
      "cracked": -0.0019285714285714286,
      "damaged": -0.0019285714285714286,
      "fixed": -0.0019285714285714286,
      "i": -0.0019285714285714286,
      "id": -0.0019285714285714286,
      "is": -0.0019285714285714286,
      "laptop": -0.0019285714285714286,
      "need": -0.0019285714285714286,
      "of": -0.0019285714285714286,
      "ord": -0.0019285714285714286,
      "order": -0.0019285714285714286,
      "out": -0.0019285714285714286,
      "right": -0.0019285714285714286,
      "screen": -0.0019285714285714286,
      "the": -0.003857142857142857,
      "this": -0.0019285714285714286,
      "today": -0.0019285714285714286
    },
    "Product Defect": {
      "2007": 0.38378571428571406,
      "arrived": 0.38378571428571406,
      "box": 0.38378571428571406,
      "cracked": 0.38378571428571406,
      "damaged": 0.38378571428571406,
      "fixed": 0.38378571428571406,
      "i": 0.38378571428571406,
      "id": 0.38378571428571406,
      "is": 0.38378571428571406,
      "laptop": 0.38378571428571406,
      "need": 0.38378571428571406,
      "of": 0.38378571428571406,
      "ord": 0.38378571428571406,
      "order": 0.38378571428571406,
      "out": 0.38378571428571406,
      "right": 0.38378571428571406,
      "screen": 0.38378571428571406,
      "the": 0.7675714285714291,
      "this": 0.38378571428571406,
      "today": 0.38378571428571406
    },
    "Refund Request": {},
    "Shipping Delay": {
      "1001": 0.7118181818181826,
      "9": 0.35590909090909084,
      "days": 0.35590909090909084,
      "for": 0.35590909090909084,
      "has": 0.35590909090909084,
      "help": 0.35590909090909084,
      "id": 0.35590909090909084,
      "in": 0.35590909090909084,
      "is": 0.35590909090909084,
      "my": 0.7118181818181826,
      "not": 0.35590909090909084,
      "ord": 0.7118181818181826,
      "order": 0.7118181818181826,
      "package": 0.35590909090909084,
      "please": 0.35590909090909084,
      "tracking": 0.35590909090909084,
      "updated": 0.35590909090909084,
      "where": 0.35590909090909084
    }
  },
  "examples_seen": 118,
  "priority_bias": {
    "Low": 0.0,
    "Normal": 5.794874999999993,
    "Urgent": 2.0148749999999986
  },
  "priority_weights": {
    "Low": {},
    "Normal": {
      "1001": 0.7118181818181826,
      "2007": -0.0019285714285714286,
      "9": 0.35590909090909084,
      "a": 0.48937499999999967,
      "access": 0.5040000000000003,
      "account": 0.5040000000000003,
      "after": 0.48937499999999967,
      "and": 0.5040000000000003,
      "arrived": -0.0019285714285714286,
      "authentication": 0.5040000000000003,
      "billing": 0.48937499999999967,
      "box": -0.0019285714285714286,
      "cannot": 0.5040000000000003,
      "card": 0.48937499999999967,
      "charged": 0.48937499999999967,
      "charges": 0.48937499999999967,
      "checkout": 0.48937499999999967,
      "cracked": -0.0019285714285714286,
      "damaged": -0.0019285714285714286,
      "days": 0.35590909090909084,
      "factor": 0.5040000000000003,
      "failing": 0.5040000000000003,
      "fixed": -0.0019285714285714286,
      "for": 0.35590909090909084,
      "has": 0.35590909090909084,
      "help": 0.8599090909090918,
      "i": 0.9914464285714283,
      "id": 0.3539805194805194,
      "in": 0.8599090909090918,
      "is": 1.3473555194805193,
      "issue": 0.48937499999999967,
      "laptop": -0.0019285714285714286,
      "logging": 0.5040000000000003,
      "my": 1.705193181818181,
      "need": 0.5020714285714288,
      "not": 0.35590909090909084,
      "of": -0.0019285714285714286,
      "on": 0.48937499999999967,
      "ord": 0.7098896103896112,
      "order": 0.7098896103896112,
      "out": -0.0019285714285714286,
      "package": 0.35590909090909084,
      "please": 0.35590909090909084,
      "right": -0.0019285714285714286,
      "screen": -0.0019285714285714286,
      "see": 0.48937499999999967,
      "the": -0.003857142857142857,
      "this": 0.48744642857142817,
      "today": -0.0019285714285714286,
      "tracking": 0.35590909090909084,
      "twice": 0.48937499999999967,
      "two": 0.9933749999999998,
      "updated": 0.35590909090909084,
      "where": 0.35590909090909084
    },
    "Urgent": {
      "2007": 0.38378571428571406,
      "arrived": 0.38378571428571406,
      "box": 0.38378571428571406,
      "cracked": 0.38378571428571406,
      "damaged": 0.38378571428571406,
      "fixed": 0.38378571428571406,
      "i": 0.38378571428571406,
      "id": 0.38378571428571406,
      "is": 0.38378571428571406,
      "laptop": 0.38378571428571406,
      "need": 0.38378571428571406,
      "of": 0.38378571428571406,
      "ord": 0.38378571428571406,
      "order": 0.38378571428571406,
      "out": 0.38378571428571406,
      "right": 0.38378571428571406,
      "screen": 0.38378571428571406,
      "the": 0.7675714285714291,
      "this": 0.38378571428571406,
      "today": 0.38378571428571406
    }
  },
  "updates": 118
}